Daily commit at Thu Sep 25 13:59:12 UTC 2025
Daily commit at Fri Sep 26 01:38:32 UTC 2025
Daily commit at Sat Sep 27 01:27:07 UTC 2025
Daily commit at Sun Sep 28 01:46:31 UTC 2025
Daily commit at Mon Sep 29 01:41:50 UTC 2025
Daily commit at Tue Sep 30 01:36:24 UTC 2025
Daily commit at Wed Oct  1 01:48:11 UTC 2025
Daily commit at Thu Oct  2 01:36:43 UTC 2025
Daily commit at Fri Oct  3 01:36:26 UTC 2025
Daily commit at Sat Oct  4 01:26:18 UTC 2025
Daily commit at Sun Oct  5 01:45:53 UTC 2025
Daily commit at Mon Oct  6 01:39:42 UTC 2025
Daily commit at Tue Oct  7 01:37:35 UTC 2025
Daily commit at Wed Oct  8 01:37:56 UTC 2025
Daily commit at Thu Oct  9 01:38:20 UTC 2025
Daily commit at Fri Oct 10 01:39:02 UTC 2025
Daily commit at Sat Oct 11 01:27:18 UTC 2025
Daily commit at Sun Oct 12 01:41:52 UTC 2025
Daily commit at Mon Oct 13 01:45:05 UTC 2025
Daily commit at Tue Oct 14 01:38:38 UTC 2025
Daily commit at Wed Oct 15 01:41:53 UTC 2025
Daily commit at Thu Oct 16 01:40:41 UTC 2025
Daily commit at Fri Oct 17 01:39:45 UTC 2025
Daily commit at Sat Oct 18 01:27:29 UTC 2025
Daily commit at Sun Oct 19 01:50:34 UTC 2025
Daily commit at Mon Oct 20 01:48:07 UTC 2025
Daily commit at Tue Oct 21 01:42:29 UTC 2025
Daily commit at Wed Oct 22 01:45:27 UTC 2025
Daily commit at Thu Oct 23 01:41:32 UTC 2025
Daily commit at Fri Oct 24 01:37:41 UTC 2025
Daily commit at Sat Oct 25 01:39:10 UTC 2025
Daily commit at Sun Oct 26 01:47:13 UTC 2025
Daily commit at Mon Oct 27 01:51:07 UTC 2025
Daily commit at Tue Oct 28 01:41:23 UTC 2025
Daily commit at Wed Oct 29 01:47:51 UTC 2025
Daily commit at Thu Oct 30 01:47:24 UTC 2025
Daily commit at Fri Oct 31 01:44:12 UTC 2025
Daily commit at Sat Nov  1 01:47:43 UTC 2025
Daily commit at Sun Nov  2 01:49:24 UTC 2025
Daily commit at Mon Nov  3 01:49:10 UTC 2025
Daily commit at Tue Nov  4 01:45:17 UTC 2025
Daily commit at Wed Nov  5 01:46:07 UTC 2025
Daily commit at Thu Nov  6 01:45:55 UTC 2025
Daily commit at Fri Nov  7 01:45:00 UTC 2025
Daily commit at Sat Nov  8 01:39:24 UTC 2025
Daily commit at Sun Nov  9 01:48:39 UTC 2025
Daily commit at Mon Nov 10 01:49:59 UTC 2025
Daily commit at Tue Nov 11 01:46:41 UTC 2025
Daily commit at Wed Nov 12 01:45:58 UTC 2025
Daily commit at Thu Nov 13 01:47:20 UTC 2025
Daily commit at Fri Nov 14 01:46:46 UTC 2025
Daily commit at Sat Nov 15 01:42:35 UTC 2025
Daily commit at Sun Nov 16 01:51:24 UTC 2025
Daily commit at Mon Nov 17 01:47:31 UTC 2025
Daily commit at Tue Nov 18 01:45:31 UTC 2025
Daily commit at Wed Nov 19 01:45:52 UTC 2025
Daily commit at Thu Nov 20 01:44:11 UTC 2025
Daily commit at Fri Nov 21 01:45:17 UTC 2025
Daily commit at Sat Nov 22 01:41:36 UTC 2025
Daily commit at Sun Nov 23 01:59:04 UTC 2025
Daily commit at Mon Nov 24 01:53:23 UTC 2025
